[
  {
    "url": "https://via.placeholder.com/500x250/fc0388/ffffff",
    "caption": "Placeholder caption 1"
  }
  {
    "url": "https://via.placeholder.com/500x250/fc0388/ffffff",
    "caption": "Placeholder caption 2"
  },
  {
    "url": "https://via.placeholder.com/500x250/fc0388/ffffff",
    "caption": "Placeholder caption 3"
  },
  {
    "url": "https://via.placeholder.com/500x250/fc0388/ffffff",
    "caption": "Placeholder caption 4"
  },
  {
    "url": "https://via.placeholder.com/500x250/fc0388/ffffff",
    "caption": "Placeholder caption 5"
  },
  {
    "url": "https://via.placeholder.com/500x250/fc0388/ffffff",
    "caption": "Placeholder caption 6"
  },
  {
    "url": "https://via.placeholder.com/500x250/fc0388/ffffff",
    "caption": "Placeholder caption 7"
  },
  {
    "url": "https://via.placeholder.com/500x250/fc0388/ffffff",
    "caption": "Placeholder caption 8"
  },
  {
    "url": "https://via.placeholder.com/500x250/fc0388/ffffff",
    "caption": "Placeholder caption 9"
  }
]